news_id;origin;legacy_nid;title;publication_date;event_start_date;event_end_date;category;body_text;body_html;editorial_status;source_url_1;source_url_2;legacy_attachment_fids;featured_image_url;featured_image_status;review_notes;image_key;featured_image_filename;image_source_url;image_source_type;image_match_status;image_notes
WEB-2026-ENC;web_research;;PANG at the European Navigation Conference 2026 in Vienna;2026-04-30;2026-04-28;2026-04-30;Conferences;The PArthenope Navigation Group (PANG) participated in the European Navigation Conference 2026, held in Vienna from 28 to 30 April 2026. Gabriele Portelli presented the contribution “Analysis of Different Ambiguity Validation Approaches for Kinematic PPP-AR using IGS Real-Time Services”, addressing ambiguity validation strategies for high-precision real-time GNSS positioning. The work results from a collaborative research activity involving PANG, TU Delft and the European Commission Joint Research Centre (JRC), highlighting the group's international cooperation in GNSS and Precise Point Positioning. During ENC 2026, Salvatore Gaglione also represented the Italian Institute of Navigation in the meetings of the European Group of Institutes of Navigation (EUGIN) and the International Association of Institutes of Navigation (IAIN), where he serves as Senior Vice-President.;;ready;https://it.linkedin.com/in/salvatore-gaglione-76a77559;;;https://www.linkedin.com/posts/europeannavigationconference_thank-you-to-everyone-who-attended-and-supported-activity-7467145520952602624-uunC;candidate_found;"Verified through Salvatore Gaglione public LinkedIn activity; title and collaboration details explicitly reported.";web-2026-enc;news-web-2026-enc.jpg;https://www.linkedin.com/posts/europeannavigationconference_thank-you-to-everyone-who-attended-and-supported-activity-7467145520952602624-uunC;official_event_linkedin;candidate_found;"ENC 2026 official event recap image; replace with the original PANG/Portelli photo if available."
WEB-2025-NATO;web_research;;PANG at the NATO Advanced Training Course on Autonomous Sea Navigation;2025-10-04;2025-09-28;2025-10-04;International Activities;PANG contributed to the NATO Science for Peace and Security Advanced Training Course “Autonomous Sea Navigation”, held in Batumi, Georgia, from 28 September to 4 October 2025. Salvatore Gaglione and Giorgio Budillon from the University of Naples Parthenope participated as invited speakers. The international training programme addressed interdisciplinary challenges associated with autonomous sea navigation, including navigation technologies, maritime systems, safety, environmental data and autonomous maritime operations. The participation reflects PANG's continuing activities in maritime navigation and technologies supporting increasingly autonomous maritime operations.;;ready;https://nato-atc-autonomous-sea-navigation.org/invited_speakers.html;https://nato-atc-autonomous-sea-navigation.org/event_programme.html;;https://www.linkedin.com/posts/ivane-abashidze-515a0439_it-was-my-honour-to-open-the-nato-conference-activity-7378450198026436608-5Haa;candidate_found;Invited speakers and presentation topics verified on the official event website.;web-2025-nato;news-web-2025-nato.jpg;https://www.linkedin.com/posts/ivane-abashidze-515a0439_it-was-my-honour-to-open-the-nato-conference-activity-7378450198026436608-5Haa;event_linkedin;candidate_found;Real photograph from the NATO Autonomous Sea Navigation event in Batumi.
WEB-2025-ENC;web_research;;PANG at the European Navigation Conference 2025;2025-05-23;2025-05-21;2025-05-23;Conferences;PANG participated in the European Navigation Conference 2025, held in Wrocław, Poland, from 21 to 23 May 2025. The group presented the research “On the Context-Aware GNSS Navigation: Test of a k-Nearest Neighbors Classifier in Different Environments”, by Giovanni Cappello, Antonio Angrisano, Ciro Gioia, Antonio Maratea and Salvatore Gaglione. The study investigates a machine-learning approach for automatically distinguishing open-sky and obstructed GNSS environments using satellite geometry, visibility and carrier-to-noise measurements. The work supports the development of context-aware and adaptive GNSS navigation techniques.;;ready;https://www.mdpi.com/2673-4591/126/1/10;https://it.linkedin.com/in/salvatore-gaglione-76a77559;;https://www.linkedin.com/posts/nordic-institute-of-navigation_last-week-the-european-navigation-conference-activity-7334305392924971008-YKui;candidate_found;Event, paper title and authors verified through the published ENC proceedings and public LinkedIn activity.;web-2025-enc;news-web-2025-enc.jpg;https://www.linkedin.com/posts/nordic-institute-of-navigation_last-week-the-european-navigation-conference-activity-7334305392924971008-YKui;official_event_linkedin;candidate_found;Real ENC 2025 event photograph. Prefer Salvatore Gaglione/PANG original conference photo if available.
WEB-2025-ION-ITM;web_research;;PANG at ION ITM 2025 in Long Beach;2025-01-30;2025-01-27;2025-01-30;Conferences;PANG participated in the 2025 International Technical Meeting of The Institute of Navigation (ION ITM), held in Long Beach, California. Giovanni Cappello presented PANG research on GNSS meta-signals developed with Ciro Gioia, Antonio Angrisano and Salvatore Gaglione. The contribution “The Synthetic Meta-Signal Observations: A Multipath Resistance Assessment” investigated the robustness of synthetic meta-signal measurements to multipath effects using Galileo and BeiDou observations, including data collected in degraded urban conditions. The participation strengthened PANG's international activity in advanced GNSS signal processing and resilient positioning.;;ready;https://www.ion.org/publications/abstract.cfm?articleID=19974;https://it.linkedin.com/in/geom-domenico-cappello-191b69b4;;https://www.linkedin.com/posts/brandywine-communications_two-weeks-until-itmptti-2025-brandywine-activity-7284962477140754432-bC59;candidate_found;Corrected after deeper verification: the first-place young researcher award previously associated with this event actually refers to IEEE Metrology for Aerospace 2025, not ION ITM 2025.;web-2025-ion-itm;news-web-2025-ion-itm.jpg;https://www.linkedin.com/posts/brandywine-communications_two-weeks-until-itmptti-2025-brandywine-activity-7284962477140754432-bC59;event_graphic_linkedin;candidate_found;"ION ITM/PTTI 2025 event graphic; suitable fallback until a PANG conference photo is located."
WEB-2024-NAVITEC;web_research;;PANG at ESA NAVITEC 2024;2024-12-13;2024-12-11;2024-12-13;Conferences;PANG participated in NAVITEC 2024, the 11th Workshop on Satellite Navigation Technology, held at ESA-ESTEC in Noordwijk, The Netherlands, from 11 to 13 December 2024. NAVITEC brings together the international satellite-navigation community to discuss emerging technologies for Positioning, Navigation and Timing, including resilient PNT, advanced navigation algorithms, GNSS signal processing and hybrid positioning technologies. PANG's participation provided an opportunity to exchange research results and perspectives with the international GNSS community.;;draft_needs_details;https://ieee-aess.org/event/conference/11th-workshop-satellite-navigation-technology;https://it.linkedin.com/in/giuseppe-aulicino-575a115b;;https://www.linkedin.com/posts/antoine-grenier_gnss-axc-galileo-activity-7272571391080615937-BvPK;candidate_found;"Participation and event dates verified; PANG participants and specific contribution still need confirmation before publication.";web-2024-navitec;news-web-2024-navitec.jpg;https://www.linkedin.com/posts/antoine-grenier_gnss-axc-galileo-activity-7272571391080615937-BvPK;event_photo_linkedin;candidate_found;Real NAVITEC 2024 venue screen at ESA ESTEC.
WEB-2024-METROSEA;web_research;;PANG at IEEE MetroSea 2024 — Best Poster Award;2024-10-16;2024-10-14;2024-10-16;Awards;PANG participated in the 2024 IEEE International Workshop on Metrology for the Sea (MetroSea), held in Portorož, Slovenia, from 14 to 16 October 2024. The conference included PANG contributions in maritime navigation, ship dynamics, marine measurement technologies and geomatics. The PANG research “Comparison of Linear and Rank-Correlation for the Sea State Estimation”, by Silvia Ascione, Vincenzo Piscopo and Antonio Scamardella, received the Best Poster Award. The study contributes to PANG research on sea-state estimation, ship dynamics and maritime operations.;;ready;https://metrosea.org/files/IEEEMetroSea2024_FinalProgram.pdf;https://it.linkedin.com/in/annamaria-marinaro-377778175;;https://www.linkedin.com/posts/silvia-ascione_best-poster-award-at-metrosea-2024-activity-7253747903611985920-dozT;candidate_found;"Paper/authors verified in official programme; public LinkedIn activity confirms Best Poster Award.";web-2024-metrosea;news-web-2024-metrosea.jpg;https://www.linkedin.com/posts/silvia-ascione_best-poster-award-at-metrosea-2024-activity-7253747903611985920-dozT;pang_member_linkedin;candidate_found;"Best Poster Award certificate; directly tied to the PANG news."
WEB-2024-ION-GNSS;web_research;;PANG at ION GNSS+ 2024;2024-09-20;2024-09-16;2024-09-20;Conferences;PANG participated in ION GNSS+ 2024 with the contribution “Analysis of HAS Performance in Pedestrian Navigation with Different Grade Devices”. The research involved Antonio Angrisano, Milad Bagheri, Giovanni Cappello, Paolo Dabove, Silvio Del Pizzo, Salvatore Gaglione, Ciro Gioia, Gabriele Portelli and Salvatore Troisi. The study investigated Galileo High Accuracy Service corrections for pedestrian positioning using receivers of different grades, assessing benefits and limitations in challenging environments and with low-cost devices.;;ready;https://www.ion.org/publications/abstract.cfm?articleID=19785;;;https://www.linkedin.com/posts/salvatore-gaglione-76a77559_pang-activity-7243031034441682944-9qo-;candidate_found;Paper title and authors verified through ION technical content.;web-2024-ion-gnss;news-web-2024-ion-gnss.jpg;https://www.linkedin.com/posts/salvatore-gaglione-76a77559_pang-activity-7243031034441682944-9qo-;pang_linkedin;candidate_found;PANG-specific ION GNSS+ 2024 photograph from Salvatore Gaglione’s post.
DRUPAL-241;legacy_drupal;241;PANG partecipation in ENC 2023 conference;2023-06-04;;;Conferences;"On 31st May 2023, prof. Salvatore Gaglione presented the last PANG study ""Reliability of Smartphone Positioning in Harsh Environment"" at European Navigation Conference (ENC 2023) at ESA-ESTEC in Noordwijk (NL). He also represented the Italian Institute on Navigation at meeting of EUropean Group of Institute of Navigation (EUGIN) and attended as Vice-President the International Associations of Institute of Navigation (IAIN).";"<p><span style='caret-color: rgba(0, 0, 0, 0.9); color: rgba(0, 0, 0, 0.9); font-family: -apple-system, system-ui, BlinkMacSystemFont, ""Segoe UI"", Roboto, ""Helvetica Neue"", ""Fira Sans"", Ubuntu, Oxygen, ""Oxygen Sans"", Cantarell, ""Droid Sans"", ""Apple Color Emoji"", ""Segoe UI Emoji"", ""Segoe UI Emoji"", ""Segoe UI Symbol"", ""Lucida Grande"", Helvetica, Arial, sans-serif; background-color: rgb(255, 255, 255);'>On 31st May 2023, prof. </span><a data-attribute-index=""0"" data-entity-type=""MINI_PROFILE"" href=""https://www.linkedin.com/in/ACoAAAxkwQIBDlNns2uYGH5gpuSyZ0VbFO14vTo"" style='caret-color: rgb(0, 0, 0); box-sizing: inherit; margin: var(--artdeco-reset-base-margin-zero); padding: var(--artdeco-reset-base-padding-zero); vertical-align: var(--artdeco-reset-base-vertical-align-baseline); text-decoration: var(--artdeco-reset-link-text-decoration-none); border: var(--artdeco-reset-link-border-zero); color: var(--color-text-link-visited); touch-action: manipulation; position: relative; word-break: normal; overflow-wrap: normal; font-family: -apple-system, system-ui, BlinkMacSystemFont, ""Segoe UI"", Roboto, ""Helvetica Neue"", ""Fira Sans"", Ubuntu, Oxygen, ""Oxygen Sans"", Cantarell, ""Droid Sans"", ""Apple Color Emoji"", ""Segoe UI Emoji"", ""Segoe UI Emoji"", ""Segoe UI Symbol"", ""Lucida Grande"", Helvetica, Arial, sans-serif; line-height: inherit !important;'>Salvatore Gaglione</a><span style='caret-color: rgba(0, 0, 0, 0.9); color: rgba(0, 0, 0, 0.9); font-family: -apple-system, system-ui, BlinkMacSystemFont, ""Segoe UI"", Roboto, ""Helvetica Neue"", ""Fira Sans"", Ubuntu, Oxygen, ""Oxygen Sans"", Cantarell, ""Droid Sans"", ""Apple Color Emoji"", ""Segoe UI Emoji"", ""Segoe UI Emoji"", ""Segoe UI Symbol"", ""Lucida Grande"", Helvetica, Arial, sans-serif; background-color: rgb(255, 255, 255);'> presented the last PANG study ""Reliability of Smartphone Positioning in Harsh Environment"" at European Navigation Conference (ENC 2023) at ESA-ESTEC in Noordwijk (NL). </span><br style='box-sizing: inherit; caret-color: rgba(0, 0, 0, 0.9); color: rgba(0, 0, 0, 0.9); font-family: -apple-system, system-ui, BlinkMacSystemFont, ""Segoe UI"", Roboto, ""Helvetica Neue"", ""Fira Sans"", Ubuntu, Oxygen, ""Oxygen Sans"", Cantarell, ""Droid Sans"", ""Apple Color Emoji"", ""Segoe UI Emoji"", ""Segoe UI Emoji"", ""Segoe UI Symbol"", ""Lucida Grande"", Helvetica, Arial, sans-serif; line-height: inherit !important;'/><span style='caret-color: rgba(0, 0, 0, 0.9); color: rgba(0, 0, 0, 0.9); font-family: -apple-system, system-ui, BlinkMacSystemFont, ""Segoe UI"", Roboto, ""Helvetica Neue"", ""Fira Sans"", Ubuntu, Oxygen, ""Oxygen Sans"", Cantarell, ""Droid Sans"", ""Apple Color Emoji"", ""Segoe UI Emoji"", ""Segoe UI Emoji"", ""Segoe UI Symbol"", ""Lucida Grande"", Helvetica, Arial, sans-serif; background-color: rgb(255, 255, 255);'>He also represented the Italian Institute on Navigation at meeting of EUropean Group of Institute of Navigation (EUGIN) and attended as Vice-President the International Associations of Institute of Navigation (IAIN).</span></p>";published_legacy;;;264;https://www.linkedin.com/posts/europeannavigationconference_enc-enc2023-activity-7069671858513539072-9rj4;candidate_found;"Imported from published Drupal News node; original date derived from Drupal created timestamp.";drupal-241;news-drupal-241.jpg;https://www.linkedin.com/posts/europeannavigationconference_enc-enc2023-activity-7069671858513539072-9rj4;official_event_linkedin;candidate_found;ENC 2023 stage/event image.
DRUPAL-223;legacy_drupal;223;PANG partecipation to EUSPA Raw Measurement Meeting;2022-05-19;;;Conferences;"PANG partecipate to the Fifth GNSS Raw Measurements Task Force Meeting on May 17, 2022. Professor Silvio Del Pizzo presented the research group studyh "" Time-Differenced Carrier Phases technique for precise velocity estimation of an android smartphone”.";"<div class=""nodecontent"" style='margin: 0px; padding: 0px; border: 0px; font-size: 12.001199722290039px; font-family: ""Helvetica Neue"", Arial, Helvetica, sans-serif; vertical-align: baseline; caret-color: rgb(51, 51, 51); color: rgb(51, 51, 51);'><div class=""field field-name-body field-type-text-with-summary field-label-hidden"" style=""margin: 0px; padding: 0px; border: 0px; font-style: inherit; font-family: inherit; vertical-align: baseline;""><div class=""field-items"" style=""margin: 0px; padding: 0px; border: 0px; font-style: inherit; font-family: inherit; vertical-align: baseline;""><div class=""field-item even"" property=""content:encoded"" style=""margin: 0px; padding: 0px; border: 0px; font-style: inherit; font-family: inherit; vertical-align: baseline;""><p style=""margin-bottom: 1.5em; padding: 0px; border: 0px; font-style: inherit; font-family: inherit; vertical-align: baseline; line-height: 1.3em;"">PANG partecipate to the Fifth GNSS Raw Measurements Task Force Meeting  on <span style=""font-family: inherit; font-style: inherit;"">May </span><span style=""font-family: inherit; font-style: inherit;"">17, 2022. </span><span style=""font-family: inherit; font-style: inherit;"">Professor Silvio Del Pizzo presented the research group studyh ""</span><span style=""font-family: inherit; font-style: inherit;"">Time-Differenced Carrier Phases technique for precise velocity estimation of an android smartphone”.</span></p></div></div></div></div><p> </p>";published_legacy;;;;https://www.euspa.europa.eu/newsroom-events/news-archive/gnss-raw-measurements-task-force-meeting-registration-now-open;candidate_found;"Imported from published Drupal News node; original date derived from Drupal created timestamp.";drupal-223;news-drupal-223.jpg;https://www.euspa.europa.eu/newsroom-events/news-archive/gnss-raw-measurements-task-force-meeting-registration-now-open;official_event_page;candidate_found;Official EUSPA 2022 Raw Measurements Task Force event image. Check EUSPA photo reuse permission before publishing.
DRUPAL-182;legacy_drupal;182;Salvatore Gaglione Vice-President of IAIN;2021-11-28;;;news;Professor Salvatore Gaglione was appointed as Vice-President of the International Association of Institutes of Navigation (IAIN), a non-profit NGO uniting national and multinational institutes and organisations aiming to foster human activities on land, at sea, in the air and in space by developing and disseminating the science and practice of navigation and related information techniques. https://iainav.org/iain-officers-committee/;"<table border=""1"" cellpadding=""1"" cellspacing=""1"" style=""width: 600px""><tbody><tr><td><p style=""text-align: justify;""><span style=""font-size:20px;""><span style=""font-family:arial,helvetica,sans-serif;"">Professor Salvatore Gaglione was appointed as Vice-President of the International Association of Institutes of Navigation (IAIN), a non-profit NGO uniting national and multinational institutes and organisations aiming to foster human activities on land, at sea, in the air and in space by developing and disseminating the science and practice of navigation and related information techniques.</span></span></p></td><td></td></tr></tbody></table><p class=""p1"" style='margin-bottom: 0px; font-variant-numeric: normal; font-variant-east-asian: normal; font-stretch: normal; font-size: 13px; line-height: normal; font-family: ""Helvetica Neue""; color: rgb(0, 0, 0);'>https://iainav.org/iain-officers-committee/</p>";published_legacy;;;;https://www.pang.uniparthenope.it/node/182;candidate_found;"Imported from published Drupal News node; original date derived from Drupal created timestamp.";drupal-182;news-drupal-182.jpg;https://www.pang.uniparthenope.it/node/182;legacy_pang_page;candidate_found;Legacy PANG news page. If no original image is recoverable, use an IAIN logo/officers image.
DRUPAL-180;legacy_drupal;180;PANG partecipation to MetroSea 2021 conference;2021-04-07;;;Conferences;PANG partecipate to the 2021 IEEE International Workshop on Metrology for the Sea held from 04 to 06 of October 2021 (Virtual Conference). Professor Salvatore Gaglione was Technical Program Chair. Research group studies results were presented (see site biblo section). DOWNLOAD PROGRAM;"<p style='margin-bottom: 0px; font-stretch: normal; font-size: 13px; line-height: normal; font-family: ""Helvetica Neue"";'>PANG partecipate to the 2021 IEEE International Workshop on Metrology for the Sea held from 04 to 06 of October 2021 (Virtual Conference).     </p><p style='margin-bottom: 0px; font-stretch: normal; font-size: 13px; line-height: normal; font-family: ""Helvetica Neue"";'>Professor Salvatore Gaglione was Technical Program Chair.</p><p style='margin-bottom: 0px; font-stretch: normal; font-size: 13px; line-height: normal; font-family: ""Helvetica Neue"";'>Research group studies results were presented (see site biblo section).</p><p style='margin-bottom: 0px; font-stretch: normal; font-size: 13px; line-height: normal; font-family: ""Helvetica Neue""; color: rgb(220, 161, 13);'><a href=""https://www.metrosea.org/MetroSea2021_Program_v2.pdf"">DOWNLOAD PROGRAM</a></p>";published_legacy;;;;https://www.metrosea.org/ms2021/final-program;candidate_found;"Imported from published Drupal News node; original date derived from Drupal created timestamp.";drupal-180;news-drupal-180.jpg;https://www.metrosea.org/ms2021/final-program;official_event_page;candidate_found;Official MetroSea 2021 event/program image.
DRUPAL-179;legacy_drupal;179;PANG partecipation to MetroSea 2019 conference;2019-10-14;;;Conferences;PANG partecipate to the 2019 IMEKO TC-19 International Workshop on Metrology for the Sea held from 03 to 05 of October 2019 (Genova - Italy). Professor Salvatore Gaglione was Industry Liaison Chair. Research group studies results were presented (see site biblo section). DOWNLOAD PROGRAM;"<p style='margin-bottom: 0px; font-stretch: normal; font-size: 13px; line-height: normal; font-family: ""Helvetica Neue"";'>PANG partecipate to the 2019 IMEKO TC-19 International Workshop on Metrology for the Sea held from 03 to 05 of October 2019 (Genova - Italy).     </p><p style='margin-bottom: 0px; font-stretch: normal; font-size: 13px; line-height: normal; font-family: ""Helvetica Neue"";'>Professor Salvatore Gaglione was Industry Liaison Chair.</p><p style='margin-bottom: 0px; font-stretch: normal; font-size: 13px; line-height: normal; font-family: ""Helvetica Neue"";'>Research group studies results were presented (see site biblo section).</p><p style='margin-bottom: 0px; font-stretch: normal; font-size: 13px; line-height: normal; font-family: ""Helvetica Neue""; color: rgb(220, 161, 13);'><a href=""https://www.metrosea.org/ms2019/files/MetroSea2019_FinalProgram.pdf"">DOWNLOAD PROGRAM</a></p>";published_legacy;;;;https://www.metrosea.org/ms2019/call-sponsors-and-exhibits;candidate_found;"Imported from published Drupal News node; original date derived from Drupal created timestamp.";drupal-179;news-drupal-179.jpg;https://www.metrosea.org/ms2019/call-sponsors-and-exhibits;official_event_page;candidate_found;MetroSea 2019 event photograph from official site.
DRUPAL-176;legacy_drupal;176;PANG partecipation in ENC 2019 conference;2019-04-28;;;Conferences;"PANG studies result on ""Robust Kalman Filter applied to GNSS positioning in harsh environment"" were presented at the European Navigation Conference 2019 held from 09 to 12 of April 2019 in Poland.";"<div>PANG studies result on ""Robust Kalman Filter applied to GNSS positioning in harsh environment"" were presented at the European Navigation Conference 2019 held from 09 to 12 of April 2019 in Poland.</div><div> </div><div> </div><div> </div><div> </div><p> </p>";published_legacy;;;;https://enc-series.org/encseries/;candidate_found;"Imported from published Drupal News node; original date derived from Drupal created timestamp.";drupal-176;news-drupal-176.jpg;https://enc-series.org/encseries/;official_event_page;candidate_found;Use the ENC Series archive/2019 branding or a 2019 event photograph from the archive.
DRUPAL-174;legacy_drupal;174;PANG partecipation in IAIN 2018 conference;2019-01-28;;;Conferences;"Professor Salvatore Gaglione partecipated to the IAIN 2018 congress - the 16th World Congress of the International Association of Institutes of Navigation - held in Japan from November 28 to December 1 2018. He chaired three sessions: Precise Positioning; Indoor and Urban Navigation; Urban Navigation.";"<p>Professor Salvatore Gaglione partecipated to the IAIN 2018 congress - the 16th World Congress of the International Association of Institutes of Navigation - held in Japan from November 28 to December 1  2018. He chaired three sessions: Precise Positioning; Indoor and Urban Navigation; Urban Navigation.</p>";published_legacy;;;;https://iainav.org/;candidate_found;"Imported from published Drupal News node; original date derived from Drupal created timestamp.";drupal-174;news-drupal-174.jpg;https://iainav.org/;official_organization_page;candidate_found;Use an official IAIN World Congress/IAIN image for the 2018 conference.
DRUPAL-181;legacy_drupal;181;Anna Innac awarded at MetroSea 2018;2018-10-12;;;Awards;"""Sensors"" Travel Award was assigned to Anna Innac , Università degli Studi di Napoli “Parthenope”, for the paper “Multi-GNSS Single Frequency Precise Point Positioning” by Anna Innac, Salvatore Gaglione, Antonio Angrisano. Congratulations!";"<p><span style='font-size: 16px; border: 0px; margin: 0px; padding: 0px; vertical-align: baseline; color: rgb(51, 51, 51); cursor: text; font-family: Georgia, ""Times New Roman"", ""Bitstream Charter"", Times, serif; font-variant-ligatures: normal; font-variant-east-asian: normal; font-variant-position: normal;'>""Sensors"" Travel Award was assigned to <strong style=""border: 0px; margin: 0px; padding: 0px; vertical-align: baseline;"">Anna Innac</strong></span><span style='font-size: 16px; border: 0px; margin: 0px; padding: 0px; vertical-align: baseline; color: rgb(51, 51, 51); cursor: text; font-family: Georgia, ""Times New Roman"", ""Bitstream Charter"", Times, serif; font-variant-ligatures: normal; font-variant-east-asian: normal; font-variant-position: normal;'>, Università degli Studi di Napoli “Parthenope”, for the paper “Multi-GNSS Single Frequency Precise Point Positioning” by Anna Innac, Salvatore Gaglione, Antonio Angrisano. Congratulations!</span></p>";published_legacy;;;244;https://www.metrosea.org/history;candidate_found;"Imported from published Drupal News node; original date derived from Drupal created timestamp.";drupal-181;news-drupal-181.jpg;https://www.metrosea.org/history;official_event_page;candidate_found;"Use MetroSea 2018 official event imagery; if an Anna Innac award photo is recovered, prefer that."
DRUPAL-178;legacy_drupal;178;PANG partecipation to MetroSea 2018 conference;2018-10-11;;;Conferences;PANG partecipate to the 2018 IMEKO TC-19 International Workshop on Metrology for the Sea held from 08 to 10 of October 2018 (Bari - Italy). Professor Salvatore Gaglione was Industry Liaison Chair. Research group studies results were presented (see site biblo section). DOWNLOAD PROGRAM;"<p style='margin-bottom: 0px; font-stretch: normal; font-size: 13px; line-height: normal; font-family: ""Helvetica Neue"";'>PANG partecipate to the 2018 IMEKO TC-19 International Workshop on Metrology for the Sea held from 08 to 10 of October 2018 (Bari - Italy).     </p><p style='margin-bottom: 0px; font-stretch: normal; font-size: 13px; line-height: normal; font-family: ""Helvetica Neue"";'>Professor Salvatore Gaglione was Industry Liaison Chair.</p><p style='margin-bottom: 0px; font-stretch: normal; font-size: 13px; line-height: normal; font-family: ""Helvetica Neue"";'>Research group studies results were presented (see site biblo section).</p><p style='margin-bottom: 0px; font-stretch: normal; font-size: 13px; line-height: normal; font-family: ""Helvetica Neue""; color: rgb(220, 161, 13);'><a href=""https://www.metrosea.org/ms2018/files/MetroSea2018_FinalProgram.pdf"">DOWNLOAD PROGRAM</a></p>";published_legacy;;;;https://www.metrosea.org/history;candidate_found;"Imported from published Drupal News node; original date derived from Drupal created timestamp.";drupal-178;news-drupal-178.jpg;https://www.metrosea.org/history;official_event_page;candidate_found;MetroSea 2018 official event imagery.
DRUPAL-175;legacy_drupal;175;PANG partecipation in ENC 2018 conference;2018-06-20;;;Conferences;"PANG studies result on "" A Proposed Fault Detection and Exclusion Method Applied to Multi-GNSS Single- Frequency PPP"" were presented at the European Navigation Conference 2018 held from 14 to 17 of May 2018 in Sweeden.";"<div class=""page"" style=""caret-color: rgb(0, 0, 0); color: rgb(0, 0, 0);"" title=""Page 3""><div class=""section"" style=""background-color: rgb(255, 255, 255);""><div class=""layoutArea""><div class=""column""><p> </p><div class=""nodecontent"" style='margin: 0px; padding: 0px; border: 0px; font-size: 12.001199722290039px; font-family: ""Helvetica Neue"", Arial, Helvetica, sans-serif; vertical-align: baseline; caret-color: rgb(51, 51, 51); color: rgb(51, 51, 51);'><div class=""field field-name-body field-type-text-with-summary field-label-hidden"" style=""margin: 0px; padding: 0px; border: 0px; font-style: inherit; font-family: inherit; vertical-align: baseline;""><div class=""field-items"" style=""margin: 0px; padding: 0px; border: 0px; font-style: inherit; font-family: inherit; vertical-align: baseline;""><div class=""field-item even"" property=""content:encoded"" style=""margin: 0px; padding: 0px; border: 0px; font-style: inherit; font-family: inherit; vertical-align: baseline;""><div><span style=""font-family:arial,helvetica,sans-serif;"">PANG studies result on "" A Proposed Fault Detection and Exclusion Method Applied to Multi-GNSS Single- Frequency PPP"" were presented at the European Navigation Conference 2018 held from 14 to 17 of May 2018 in Sweeden.</span></div><div> </div></div></div></div></div><p> </p></div></div></div></div><p> </p>";published_legacy;;;;https://enc-series.org/encseries/;candidate_found;"Imported from published Drupal News node; original date derived from Drupal created timestamp.";drupal-175;news-drupal-175.jpg;https://enc-series.org/encseries/;official_event_page;candidate_found;Use ENC 2018 archive branding/event image.
DRUPAL-177;legacy_drupal;177;PANG partecipation to MetroSea 2017 conference;2017-10-14;;;Conferences;PANG partecipate to the 2017 IMEKO TC-19 International Workshop on Metrology for the Sea held from 11 to 13 of October 2017 (Napoli - Italy). Professor Salvatore Gaglione was Industry Liaison Chair. Research group studies results were presented (see site biblo section). DOWNLOAD PROGRAM;"<p style='margin-bottom: 0px; font-stretch: normal; font-size: 13px; line-height: normal; font-family: ""Helvetica Neue"";'>PANG partecipate to the 2017 IMEKO TC-19 International Workshop on Metrology for the Sea held from 11 to 13 of October 2017 (Napoli - Italy).     </p><p style='margin-bottom: 0px; font-stretch: normal; font-size: 13px; line-height: normal; font-family: ""Helvetica Neue"";'>Professor Salvatore Gaglione was Industry Liaison Chair.</p><p style='margin-bottom: 0px; font-stretch: normal; font-size: 13px; line-height: normal; font-family: ""Helvetica Neue"";'>Research group studies results were presented (see site biblo section).</p><p style='margin-bottom: 0px; font-stretch: normal; font-size: 13px; line-height: normal; font-family: ""Helvetica Neue""; color: rgb(220, 161, 13);'><a href=""https://www.metrosea.org/ms2017/index.php/program/program-outline"">DOWNLOAD PROGRAM</a></p>";published_legacy;;;;https://www.metrosea.org/history;candidate_found;"Imported from published Drupal News node; original date derived from Drupal created timestamp.";drupal-177;news-drupal-177.jpg;https://www.metrosea.org/history;official_event_page;candidate_found;MetroSea 2017 official event imagery from Naples edition.
DRUPAL-141;legacy_drupal;141;PANG partecipation in TRANSNAV 2017 conference;2017-06-26;;;Conferences;Anna Innac has presented the results of PANG studies for SMILE (Satellite Multi-constellation Identification Techniques for Liable Enhance Applications) project, funded by ASI (the Italian Space Agency) at the 12th International Conference on Marine Navigation and Safety of Sea Transportation (TRANSNAV) held from 21 to 23 June 2017 in Gdynia, Poland.;<p>Anna Innac has presented the results of PANG studies for SMILE (Satellite Multi-constellation Identification Techniques for Liable Enhance Applications) project, funded by ASI (the Italian Space Agency) at the 12th International Conference on Marine Navigation and Safety of Sea Transportation (TRANSNAV) held from 21 to 23 June 2017 in Gdynia, Poland.</p>;published_legacy;;;;https://www.transnav.eu/;candidate_found;"Imported from published Drupal News node; original date derived from Drupal created timestamp.";drupal-141;news-drupal-141.jpg;https://www.transnav.eu/;official_event_page;candidate_found;Use TransNav 2017 official conference imagery/branding.
DRUPAL-139;legacy_drupal;139;Anna Innac successfully defended her PhD exam;2017-06-16;;;news;Congratulations to Anna Innac who successfully completed her PhD oral exam. Anna’s thesis is on ''Fuzzy techniques applied to GNSS for quality assessment and reliability testing in difficult signal scenarios'' and it is available on the website. Anna was supervised by Professor Salvatore Gaglione and Porfessor Heidi Kuusniemi.;<p>Congratulations to Anna Innac who successfully completed her PhD oral exam. Anna’s thesis is on ''Fuzzy techniques applied to GNSS for quality assessment and reliability testing in difficult signal scenarios'' and it is available on the website. Anna was supervised by Professor Salvatore Gaglione and Porfessor Heidi Kuusniemi.</p><p> </p>;published_legacy;;;;https://www.pang.uniparthenope.it/;candidate_found;"Imported from published Drupal News node; original date derived from Drupal created timestamp.";drupal-139;news-drupal-139.jpg;https://www.pang.uniparthenope.it/;legacy_pang_page;candidate_found;No reliable public defence photo found. Use Anna Innac’s PANG portrait only if rights/consent are confirmed.
DRUPAL-132;legacy_drupal;132;Umberto Papa won 2015 Finmeccanica Award;2015-11-02;;;Awards;"Congratulation to Umberto Papa who was awarded by Finmeccanica Spa as 2nd in Ph.d Student Cat. for his innovative idea on automatic systems research ""PERSEO - Piattaforma Embedded per la Ricerca del Sentiero di Atterraggio ed Ostacoli"" (Embedded Platform for Landing Path and Obstacle Detection). The award cerimony was held at the Universal Exposition (EXPO2015) in Milan.";"<p>Congratulation to Umberto Papa who was awarded by Finmeccanica Spa as 2nd in Ph.d Student Cat. for his innovative idea on automatic systems research ""PERSEO - Piattaforma Embedded per la Ricerca del Sentiero di Atterraggio ed Ostacoli"" (Embedded Platform for Landing Path and Obstacle Detection). The award cerimony was held at the Universal Exposition (EXPO2015) in Milan.</p>";published_legacy;;;231;https://www.pang.uniparthenope.it/;candidate_found;"Imported from published Drupal News node; original date derived from Drupal created timestamp.";drupal-132;news-drupal-132.jpg;https://www.pang.uniparthenope.it/;legacy_pang_page;candidate_found;No reliable award image identified in public search. Use Umberto Papa portrait or original award photo if available.
DRUPAL-121;legacy_drupal;121;Ciro Gioia won 2014 AUTEC Award;2014-10-16;;;Awards;Congratulations to Ciro Gioia who was awarded for his PhD thesis on ''GNSS Navigation in Dicult Environments: Hybridization and Reliability'' by the “Associazione Universitari Topografia e Cartografia” (AUTEC).;<p>Congratulations to Ciro Gioia who was awarded for his PhD thesis on ''GNSS Navigation in Dicult Environments: Hybridization and Reliability'' by the “Associazione Universitari Topografia e Cartografia” (AUTEC).</p>;published_legacy;;;;https://www.pang.uniparthenope.it/;candidate_found;"Imported from published Drupal News node; original date derived from Drupal created timestamp.";drupal-121;news-drupal-121.jpg;https://www.pang.uniparthenope.it/;legacy_pang_page;candidate_found;No reliable AUTEC award photo identified. Use Ciro Gioia portrait or original award image if available.
DRUPAL-117;legacy_drupal;117;ESA awarded PANG as one of the first 50 users of Galileo Systems;2014-07-10;;;Awards;European Space Agency (ESA) awarded the PArthenope Navigarion Group (PANG) for the successful Galileo position fix made on 12 th of March 2013.;"<div class=""page"" title=""Page 1""><div class=""layoutArea""><div class=""column""><p>European Space Agency (ESA) awarded the PArthenope Navigarion Group (PANG) <span style=""line-height: 1.5;"">for the successful Galileo position fix made </span><span style=""line-height: 1.5;"">on </span><span style=""font-size: 11pt; font-family: Calibri;"">12</span><span style=""font-size: 7pt; font-family: Calibri; vertical-align: 5pt;"">th </span><span style=""font-size: 11pt; font-family: Calibri;"">of March 2013.</span></p></div></div></div><p> </p>";published_legacy;;;218;https://www.esa.int/ESA_Multimedia/Images/2014/07/Galileo_satellite2;candidate_found;"Imported from published Drupal News node; original date derived from Drupal created timestamp.";drupal-117;news-drupal-117.jpg;https://www.esa.int/ESA_Multimedia/Images/2014/07/Galileo_satellite2;official_esa_image;candidate_found;"Official ESA Galileo satellite image; ESA Standard Licence applies."
DRUPAL-110;legacy_drupal;110;Ciro Gioia Successfully Completes PhD;2014-04-15;;;news;Congratulations to Ciro Gioia who successfully completed his PhD oral exam. Ciro’s thesis is on ''GNSS Navigation in Dicult Environments: Hybridization and Reliability'' and it is available on the website. Ciro was supervised by Professor Salvatore Gaglione;<div>Congratulations to Ciro Gioia who successfully completed his PhD oral exam. </div><div>Ciro’s thesis is on ''GNSS Navigation in Dicult Environments: Hybridization and Reliability'' and it is available on the website.</div><div>Ciro was supervised by Professor Salvatore Gaglione </div><div> </div>;published_legacy;;;;https://www.pang.uniparthenope.it/;candidate_found;"Imported from published Drupal News node; original date derived from Drupal created timestamp.";drupal-110;news-drupal-110.jpg;https://www.pang.uniparthenope.it/;legacy_pang_page;candidate_found;No reliable public PhD-completion photo identified. Use Ciro Gioia portrait if appropriate.
DRUPAL-92;legacy_drupal;92;PANG and JRC’s IPSC Perform a Complete Navigation Solution using only Galileo;2013-03-13;;;news;12 th of March 2013 - the teams of the PArthenope Navigation Group (PANG) at the Università degli Studi di Napoli Parthenope and the Institute for the Protection and Security of the Citizen (IPSC) of the European Commission Joint Research Centre, based in Ispra (Italy), have carried out the position and the velocity of a receiver using only Galileo measurements;<p>12<sup>th</sup> of March 2013 - the teams of the PArthenope Navigation Group (PANG) at the Università degli Studi di Napoli Parthenope and the Institute for the Protection and Security of the Citizen (IPSC) of the European Commission Joint Research Centre, based in Ispra (Italy), have carried out the position and the velocity of a receiver using only Galileo measurements</p>;published_legacy;;;197;https://www.esa.int/ESA_Multimedia/Images/2014/07/Galileo_satellite2;candidate_found;"Imported from published Drupal News node; original date derived from Drupal created timestamp.";drupal-92;news-drupal-92.jpg;https://www.esa.int/ESA_Multimedia/Images/2014/07/Galileo_satellite2;official_esa_image;candidate_found;Galileo satellite image is contextually suitable for this Galileo-only navigation news.
DRUPAL-88;legacy_drupal;88;News are available;2013-03-09;;;news;Starting from today PANG site news section is on air;<p>Starting from today PANG site news section is on air</p>;published_legacy;;;;https://pang.uniparthenope.it/;candidate_found;"Imported from published Drupal News node; original date derived from Drupal created timestamp.";drupal-88;news-drupal-88.jpg;https://pang.uniparthenope.it/;legacy_pang_page;candidate_found;Generic PANG visual/logo recommended because this is a site-availability announcement.